timestamp,protocol,download,upload,ping
2021-11-01 00:45:01+01:00,202111.log@3,170634772.48,20573061.12,23.578
2021-11-01 01:45:02+01:00,202111.log@7,294849085.44,20845690.88,23.227
2021-11-01 02:45:01+01:00,202111.log@11,353370112.0,20531118.08,22.983
2021-11-01 03:45:01+01:00,202111.log@15,365669908.48,1447034.88,24.284
2021-11-01 04:45:01+01:00,202111.log@19,329137520.64,20342374.4,18.387
2021-11-01 05:45:01+01:00,202111.log@23,335890350.08,20698890.24,18.145
2021-11-01 06:45:01+01:00,202111.log@27,231682867.2,20698890.24,21.542
2021-11-01 07:45:01+01:00,202111.log@31,113843896.32,20468203.52,22.958
2021-11-01 08:45:01+01:00,202111.log@35,160568442.88,20772290.56,23.836
2021-11-01 09:45:01+01:00,202111.log@39,70034391.04,20321402.88,24.01
2021-11-01 10:45:01+01:00,202111.log@43,281395855.36,16347299.84,23.789
2021-11-01 11:45:01+01:00,202111.log@47,249571573.76,20552089.6,24.295
2021-11-01 12:45:01+01:00,202111.log@51,283157463.04,20615004.16,23.99
2021-11-01 13:45:01+01:00,202111.log@55,263171604.48,19922944.0,24.27
2021-11-01 14:45:01+01:00,202111.log@59,308050657.28,20405288.96,25.65
2021-11-01 15:45:01+01:00,202111.log@63,339958824.96,20373831.68,19.136
2021-11-01 16:45:01+01:00,202111.log@67,93071605.76,20080230.4,23.999
2021-11-01 17:45:01+01:00,202111.log@71,293905367.04,11597250.56,24.041
2021-11-01 18:45:01+01:00,202111.log@75,69331845.12,20059258.88,25.322
2021-11-01 19:45:01+01:00,202111.log@79,38199623.68,18706595.84,26.531
2021-11-01 20:45:01+01:00,202111.log@83,44543508.48,19922944.0,24.196
2021-11-01 21:45:01+01:00,202111.log@87,276519976.96,20394803.2,29.023
2021-11-01 22:45:01+01:00,202111.log@91,355802808.32,19734200.32,28.562
2021-11-01 23:45:01+01:00,202111.log@95,250106347.52,20237516.8,27.079
2021-11-02 00:45:01+01:00,202111.log@99,297533440.0,20268974.08,24.919
2021-11-02 01:45:01+01:00,202111.log@103,95137300.48,20321402.88,23.532
2021-11-02 02:45:01+01:00,202111.log@107,365848166.4,1929379.84,24.998
2021-11-02 03:45:01+01:00,202111.log@111,108768788.48,20541603.84,24.946
2021-11-02 04:45:01+01:00,202111.log@115,349532323.84,20656947.2,22.49
2021-11-02 05:45:01+01:00,202111.log@119,336991354.88,20583546.88,21.838
2021-11-02 06:45:01+01:00,202111.log@123,340210483.2,20803747.84,21.673
2021-11-02 07:45:01+01:00,202111.log@127,328539832.32,20730347.52,22.874
2021-11-02 08:45:01+01:00,202111.log@131,329588408.32,20698890.24,20.724
2021-11-02 09:45:01+01:00,202111.log@135,326537052.16,20604518.4,21.865
2021-11-02 10:45:02+01:00,202111.log@139,326463651.84,20688404.48,21.583
2021-11-02 11:45:01+01:00,202111.log@143,242881658.88,19954401.28,23.93
2021-11-02 12:45:01+01:00,202111.log@147,353464483.84,20625489.92,22.005
2021-11-02 13:45:01+01:00,202111.log@151,311500472.32,15613296.64,23.158
2021-11-02 14:45:01+01:00,202111.log@155,336603381.76,19828572.16,22.695
2021-11-02 15:45:01+01:00,202111.log@159,284080209.92,19367198.72,23.154
2021-11-02 16:45:01+01:00,202111.log@163,298812702.72,20489175.04,27.727
2021-11-02 17:45:01+01:00,202111.log@167,84494254.08,19272826.88,24.486
2021-11-02 18:45:01+01:00,202111.log@171,242430771.2,20541603.84,24.643
2021-11-02 19:45:01+01:00,202111.log@175,271507783.68,20436746.24,27.942
2021-11-02 20:45:01+01:00,202111.log@179,275817431.04,18622709.76,23.227
2021-11-02 21:45:01+01:00,202111.log@183,317770956.8,20625489.92,21.824
2021-11-02 22:45:01+01:00,202111.log@187,317141811.2,20143144.96,25.144
2021-11-02 23:45:01+01:00,202111.log@191,226261729.28,20594032.64,25.481
2021-11-03 00:45:01+01:00,202111.log@195,345778421.76,19912458.24,24.353
2021-11-03 01:45:01+01:00,202111.log@199,360479457.28,20688404.48,23.717
2021-11-03 02:45:01+01:00,202111.log@203,310147809.28,20719861.76,22.355
2021-11-03 03:45:01+01:00,202111.log@207,327879229.44,20331888.64,23.372
2021-11-03 04:45:01+01:00,202111.log@211,316208578.56,20258488.32,21.73
2021-11-03 05:45:01+01:00,202111.log@215,242451742.72,20499660.8,17.56
2021-11-03 06:45:01+01:00,202111.log@219,282800947.2,20300431.36,17.795
2021-11-03 07:45:01+01:00,202111.log@223,307641712.64,20206059.52,23.99
2021-11-03 08:45:02+01:00,202111.log@227,314279198.72,20268974.08,22.392
2021-11-03 09:45:01+01:00,202111.log@231,279529390.08,20478689.28,24.674
2021-11-03 10:45:01+01:00,202111.log@235,261724569.6,20447232.0,23.101
2021-11-03 11:45:01+01:00,202111.log@239,338669076.48,20289945.6,23.984
2021-11-03 12:45:01+01:00,202111.log@243,267669995.52,20227031.04,23.238
2021-11-03 13:45:02+01:00,202111.log@247,268529827.84,20373831.68,26.987
2021-11-03 14:45:01+01:00,202111.log@251,212451983.36,20426260.48,26.822
2021-11-03 15:45:01+01:00,202111.log@255,250578206.72,19681771.52,27.141
2021-11-03 16:45:02+01:00,202111.log@259,311238328.32,20227031.04,22.196
2021-11-03 17:45:01+01:00,202111.log@263,78328627.2,19493027.84,24.809
2021-11-03 18:45:01+01:00,202111.log@267,328434974.72,20132659.2,22.352
2021-11-03 19:45:02+01:00,202111.log@271,202175938.56,20761804.8,24.553
2021-11-03 20:45:02+01:00,202111.log@275,218156236.8,20667432.96,22.896
2021-11-03 21:45:01+01:00,202111.log@279,363751014.4,14889779.2,25.51
2021-11-03 22:45:01+01:00,202111.log@283,315296317.44,20594032.64,24.135
2021-11-03 23:45:01+01:00,202111.log@287,265289728.0,20436746.24,22.985
2021-11-04 00:45:01+01:00,202111.log@291,252276899.84,20761804.8,20.675
2021-11-04 01:45:01+01:00,202111.log@295,301182484.48,20520632.32,24.107
2021-11-04 02:45:02+01:00,202111.log@299,280630394.88,20520632.32,23.933
2021-11-04 03:45:01+01:00,202111.log@303,271644098.56,20248002.56,24.352
2021-11-04 04:45:01+01:00,202111.log@307,280609423.36,20363345.92,23.324
2021-11-04 05:45:01+01:00,202111.log@311,270249492.48,20552089.6,22.008
2021-11-04 06:45:01+01:00,202111.log@315,287362252.8,20635975.68,21.495
2021-11-04 07:45:01+01:00,202111.log@319,322877521.92,20688404.48,22.005
2021-11-04 08:45:01+01:00,202111.log@323,236097372.16,19839057.92,22.67
2021-11-04 09:45:01+01:00,202111.log@327,287844597.76,20457717.76,21.017
2021-11-04 10:45:01+01:00,202111.log@331,277641953.28,20656947.2,26.147
2021-11-04 11:45:01+01:00,202111.log@335,252790702.08,19419627.52,25.118
2021-11-04 12:45:01+01:00,202111.log@339,80562094.08,19472056.32,23.811
2021-11-04 13:45:01+01:00,202111.log@343,205353123.84,20562575.36,23.126
2021-11-04 14:45:01+01:00,202111.log@347,209295769.6,20531118.08,21.719
2021-11-04 15:45:01+01:00,202111.log@351,231630438.4,19975372.8,23.08
2021-11-04 16:45:01+01:00,202111.log@355,302220574.72,20258488.32,20.543
2021-11-04 17:45:01+01:00,202111.log@359,293286707.2,20268974.08,19.657
2021-11-04 18:45:01+01:00,202111.log@363,324366499.84,19933429.76,21.492
2021-11-04 19:45:01+01:00,202111.log@367,257813381.12,20090716.16,24.162
2021-11-04 20:45:01+01:00,202111.log@371,279130931.2,20006830.08,26.131
2021-11-04 21:45:01+01:00,202111.log@375,243080888.32,19335741.44,24.356
2021-11-04 22:45:01+01:00,202111.log@379,305093672.96,19335741.44,24.028
2021-11-04 23:45:01+01:00,202111.log@383,345621135.36,20656947.2,19.097
2021-11-05 00:45:01+01:00,202111.log@387,273825136.64,20604518.4,20.366
2021-11-05 01:45:01+01:00,202111.log@391,219928330.24,19304284.16,25.851
2021-11-05 02:45:01+01:00,202111.log@395,318777589.76,19975372.8,27.6
2021-11-05 03:45:02+01:00,202111.log@399,270280949.76,20730347.52,25.021
2021-11-05 04:45:01+01:00,202111.log@403,106734551.04,20824719.36,23.651
2021-11-05 05:45:01+01:00,202111.log@407,164626432.0,20153630.72,22.34
2021-11-05 06:45:01+01:00,202111.log@411,137615114.24,20677918.72,23.013
2021-11-05 07:45:01+01:00,202111.log@415,256387317.76,14208204.8,24.354
2021-11-05 08:45:01+01:00,202111.log@419,317991157.76,19891486.72,23.22
2021-11-05 09:45:02+01:00,202111.log@423,258169896.96,20185088.0,21.462
2021-11-05 10:45:01+01:00,202111.log@427,218156236.8,20594032.64,23.484
2021-11-05 11:45:01+01:00,202111.log@431,287676825.6,19828572.16,23.718
2021-11-05 12:45:01+01:00,202111.log@435,270973009.92,20216545.28,22.697
2021-11-05 13:45:01+01:00,202111.log@439,257435893.76,20111687.68,23.872
2021-11-05 14:45:01+01:00,202111.log@443,301329285.12,20562575.36,22.641
2021-11-05 15:45:01+01:00,202111.log@447,237366149.12,17909678.08,22.639
2021-11-05 16:45:01+01:00,202111.log@451,262332743.68,20405288.96,22.41
2021-11-05 17:45:01+01:00,202111.log@455,68513955.84,20604518.4,27.054
2021-11-05 18:45:01+01:00,202111.log@459,284677898.24,19839057.92,25.073
2021-11-05 19:45:01+01:00,202111.log@463,205636239.36,19367198.72,23.641
2021-11-05 20:45:01+01:00,202111.log@467,257320550.4,20740833.28,25.143
2021-11-05 21:45:01+01:00,202111.log@471,131155886.08,18811453.44,24.315
2021-11-05 22:45:01+01:00,202111.log@475,243322060.8,20132659.2,22.487
2021-11-05 23:45:01+01:00,202111.log@479,262112542.72,20268974.08,26.804
2021-11-06 00:45:01+01:00,202111.log@483,249120686.08,20227031.04,24.49
2021-11-06 01:45:01+01:00,202111.log@487,263108689.92,19933429.76,28.989
2021-11-06 02:45:01+01:00,202111.log@491,305502617.6,20195573.76,21.975
2021-11-06 03:45:01+01:00,202111.log@495,318861475.84,20625489.92,20.65
2021-11-06 04:45:01+01:00,202111.log@499,247201792.0,20604518.4,22.281
2021-11-06 05:45:02+01:00,202111.log@503,319490621.44,19839057.92,24.794
2021-11-06 06:45:01+01:00,202111.log@507,173759528.96,18014535.68,23.633
2021-11-06 07:45:01+01:00,202111.log@511,252601958.4,20143144.96,24.961
2021-11-06 08:45:01+01:00,202111.log@515,252580986.88,20824719.36,22.744
2021-11-06 09:45:01+01:00,202111.log@519,261420482.56,20709376.0,22.018
2021-11-06 10:45:02+01:00,202111.log@523,234126049.28,20573061.12,22.582
2021-11-06 11:45:02+01:00,202111.log@527,261787484.16,20206059.52,26.569
2021-11-06 12:45:01+01:00,202111.log@531,225548697.6,20499660.8,25.842
2021-11-06 13:45:01+01:00,202111.log@535,249403801.6,20478689.28,25.404
2021-11-06 14:45:01+01:00,202111.log@539,326107136.0,20279459.84,29.65
2021-11-06 15:45:01+01:00,202111.log@543,339812024.32,19901972.48,23.646
2021-11-06 16:45:01+01:00,202111.log@547,238414725.12,19482542.08,25.004
2021-11-06 17:45:01+01:00,202111.log@551,276362690.56,13044285.44,29.205
2021-11-06 18:45:01+01:00,202111.log@555,308491059.2,18853396.48,25.037
2021-11-06 19:45:01+01:00,202111.log@559,274171166.72,20174602.24,25.03
2021-11-06 20:45:01+01:00,202111.log@563,282989690.88,13390315.52,25.313
2021-11-06 21:45:01+01:00,202111.log@567,268445941.76,16210984.96,22.509
2021-11-06 22:45:02+01:00,202111.log@571,270134149.12,14428405.76,18.04
2021-11-06 23:45:02+01:00,202111.log@575,351535104.0,20415774.72,23.036
2021-11-07 00:45:01+01:00,202111.log@579,268917800.96,19860029.44,21.872
2021-11-07 01:45:01+01:00,202111.log@583,345600163.84,20698890.24,23.778
2021-11-07 02:45:01+01:00,202111.log@587,138170859.52,20394803.2,21.026
2021-11-07 03:45:01+01:00,202111.log@591,179767869.44,20594032.64,21.984
2021-11-07 04:45:01+01:00,202111.log@595,280724766.72,1247805.44,22.781
2021-11-07 05:45:01+01:00,202111.log@599,375170007.04,19692257.28,37.013
2021-11-07 06:45:01+01:00,202111.log@603,331538759.68,20248002.56,39.462
2021-11-07 07:45:01+01:00,202111.log@607,344687902.72,19597885.44,39.774
2021-11-07 08:45:01+01:00,202111.log@611,98377400.32,20122173.44,23.341
2021-11-07 09:45:01+01:00,202111.log@615,211298549.76,17941135.36,23.009
2021-11-07 10:45:01+01:00,202111.log@619,275502858.24,20279459.84,25.866
2021-11-07 11:45:01+01:00,202111.log@623,292248616.96,20478689.28,22.183
2021-11-07 12:45:01+01:00,202111.log@627,332157419.52,20656947.2,22.384
2021-11-07 13:45:01+01:00,202111.log@631,262857031.68,20331888.64,22.037
2021-11-07 14:45:01+01:00,202111.log@635,289333575.68,19964887.04,26.455
2021-11-07 15:45:01+01:00,202111.log@639,293758566.4,20027801.6,25.406
2021-11-07 16:45:02+01:00,202111.log@643,284950528.0,20268974.08,27.697
2021-11-07 17:45:01+01:00,202111.log@647,306624593.92,19964887.04,26.822
2021-11-07 18:45:01+01:00,202111.log@651,247170334.72,20698890.24,26.859
2021-11-07 19:45:01+01:00,202111.log@655,139859066.88,20573061.12,24.167
2021-11-07 20:45:01+01:00,202111.log@659,25700597.76,17406361.6,24.223
2021-11-07 21:45:01+01:00,202111.log@663,272514416.64,20331888.64,28.215
2021-11-07 22:45:01+01:00,202111.log@667,51411681.28,20300431.36,24.428
2021-11-07 23:45:01+01:00,202111.log@671,316208578.56,20583546.88,23.151
2021-11-08 00:45:01+01:00,202111.log@675,360133427.2,20352860.16,18.603
2021-11-08 01:45:01+01:00,202111.log@679,301434142.72,20625489.92,18.497
2021-11-08 02:45:01+01:00,202111.log@683,215230709.76,20552089.6,25.036
2021-11-08 03:45:02+01:00,202111.log@687,119946608.64,20730347.52,22.819
2021-11-08 04:45:01+01:00,202111.log@691,115269959.68,20730347.52,23.492
2021-11-08 05:45:01+01:00,202111.log@695,232899215.36,20656947.2,24.808
2021-11-08 06:45:01+01:00,202111.log@699,238551040.0,20499660.8,24.158
2021-11-08 07:45:01+01:00,202111.log@703,278973644.8,20688404.48,25.154
2021-11-08 08:45:01+01:00,202111.log@707,241791139.84,20520632.32,26.014
2021-11-08 09:45:01+01:00,202111.log@711,283346206.72,20426260.48,23.634
2021-11-08 10:45:01+01:00,202111.log@715,275712573.44,20300431.36,24.621
2021-11-08 11:45:01+01:00,202111.log@719,264786411.52,20405288.96,22.24
2021-11-08 12:45:01+01:00,202111.log@723,253755392.0,15791554.56,19.816
2021-11-08 13:45:01+01:00,202111.log@727,347896545.28,20562575.36,17.813
2021-11-08 14:45:01+01:00,202111.log@731,312391761.92,20394803.2,23.177
2021-11-08 15:45:01+01:00,202111.log@735,209023139.84,20164116.48,24.143
2021-11-08 16:45:01+01:00,202111.log@739,222874828.8,20384317.44,22.811
2021-11-08 17:45:01+01:00,202111.log@743,302430289.92,20436746.24,25.467
2021-11-08 18:45:01+01:00,202111.log@747,246488760.32,20415774.72,24.995
2021-11-08 19:45:01+01:00,202111.log@751,228201594.88,20677918.72,24.467
2021-11-08 20:45:01+01:00,202111.log@755,46022000.64,19042140.16,23.655
2021-11-08 21:45:01+01:00,202111.log@759,280693309.44,20300431.36,25.32
2021-11-08 22:45:01+01:00,202111.log@763,283482521.6,20625489.92,21.739
2021-11-08 23:45:01+01:00,202111.log@767,319113134.08,20394803.2,20.589
2021-11-09 00:45:01+01:00,202111.log@771,302314946.56,20688404.48,21.268
2021-11-09 01:45:01+01:00,202111.log@775,277212037.12,20719861.76,25.036
2021-11-09 02:45:02+01:00,202111.log@779,329913466.88,20289945.6,22.232
2021-11-09 03:45:01+01:00,202111.log@783,306624593.92,20562575.36,17.459
2021-11-09 04:45:01+01:00,202111.log@787,294398197.76,20164116.48,17.739
2021-11-09 05:45:01+01:00,202111.log@791,184916377.6,19912458.24,27.981
2021-11-09 06:45:01+01:00,202111.log@795,295174144.0,19660800.0,28.346
2021-11-09 07:45:01+01:00,202111.log@799,218984611.84,20698890.24,27.978
2021-11-09 08:45:01+01:00,202111.log@803,286051532.8,20090716.16,29.193
2021-11-09 09:45:01+01:00,202111.log@807,270406778.88,15309209.6,24.508
2021-11-09 10:45:02+01:00,202111.log@811,283513978.88,19325255.68,23.79
2021-11-09 11:45:01+01:00,202111.log@815,227635363.84,20740833.28,23.13
2021-11-09 12:45:01+01:00,202111.log@819,342821437.44,13002342.4,25.847
2021-11-09 13:45:01+01:00,202111.log@823,267649024.0,19807600.64,23.083
2021-11-09 14:45:01+01:00,202111.log@827,303887810.56,19975372.8,24.634
2021-11-09 15:45:01+01:00,202111.log@831,276666777.6,20615004.16,22.993
2021-11-09 16:45:01+01:00,202111.log@835,323506667.52,20667432.96,24.48
2021-11-09 17:45:01+01:00,202111.log@839,268372541.44,20499660.8,21.302
2021-11-09 18:45:01+01:00,202111.log@843,357962874.88,20080230.4,18.668
2021-11-09 19:45:01+01:00,202111.log@847,311563386.88,20289945.6,21.087
2021-11-09 20:45:01+01:00,202111.log@851,281175654.4,20541603.84,20.787
2021-11-09 21:45:01+01:00,202111.log@855,278952673.28,15120465.92,25.928
2021-11-09 22:45:01+01:00,202111.log@859,274873712.64,15854469.12,22.517
2021-11-09 23:45:01+01:00,202111.log@863,275670630.4,13956546.56,19.455
2021-11-10 00:45:01+01:00,202111.log@867,296107376.64,14847836.16,24.136
2021-11-10 01:45:01+01:00,202111.log@871,303174778.88,18004049.92,23.239
2021-11-10 02:45:01+01:00,202111.log@875,277327380.48,20447232.0,23.016
2021-11-10 03:45:01+01:00,202111.log@879,299683020.8,20111687.68,23.356
2021-11-10 04:45:01+01:00,202111.log@883,363677614.08,20604518.4,21.487
2021-11-10 05:45:01+01:00,202111.log@887,272671703.04,20394803.2,21.015
2021-11-10 06:45:01+01:00,202111.log@891,340220968.96,20394803.2,24.86
2021-11-10 07:45:01+01:00,202111.log@895,265310699.52,20594032.64,24.365
2021-11-10 08:45:01+01:00,202111.log@899,308962918.4,20436746.24,18.649
2021-11-10 09:45:01+01:00,202111.log@903,299641077.76,15969812.48,23.023
2021-11-10 10:45:01+01:00,202111.log@907,328214773.76,19954401.28,24.4
2021-11-10 11:45:01+01:00,202111.log@911,188974366.72,18905825.28,24.815
2021-11-10 12:45:01+01:00,202111.log@915,234094592.0,16148070.4,22.954
2021-11-10 13:45:01+01:00,202111.log@919,319889080.32,17521704.96,24.157
2021-11-10 14:45:02+01:00,202111.log@923,274454282.24,20667432.96,24.513
2021-11-10 15:45:01+01:00,202111.log@927,237387120.64,19881000.96,21.41
2021-11-10 16:45:01+01:00,202111.log@931,330972528.64,19891486.72,23.686
2021-11-10 17:45:01+01:00,202111.log@935,220159016.96,20604518.4,23.005
2021-11-10 18:45:01+01:00,202111.log@939,354345287.68,20520632.32,27.474
2021-11-10 19:45:01+01:00,202111.log@943,280913510.4,20510146.56,23.438
2021-11-10 20:45:01+01:00,202111.log@947,272839475.2,20373831.68,25.084
2021-11-10 21:45:01+01:00,202111.log@951,243699548.16,20793262.08,24.487
2021-11-10 22:45:01+01:00,202111.log@955,43788533.76,19818086.4,24.909
2021-11-10 23:45:01+01:00,202111.log@959,54295265.28,20352860.16,24.988
2021-11-11 00:45:01+01:00,202111.log@963,299378933.76,16546529.28,24.199
2021-11-11 01:45:01+01:00,202111.log@967,68178411.52,20573061.12,22.477
2021-11-11 02:45:01+01:00,202111.log@971,154360872.96,17343447.04,22.327
2021-11-11 03:45:01+01:00,202111.log@975,253524705.28,11450449.92,24.958
2021-11-11 04:45:01+01:00,202111.log@979,283241349.12,18622709.76,25.817
2021-11-11 05:45:02+01:00,202111.log@983,338543247.36,20730347.52,20.392
2021-11-11 06:45:01+01:00,202111.log@987,315715747.84,20719861.76,21.071
2021-11-11 07:45:01+01:00,202111.log@991,227540992.0,20761804.8,21.206
2021-11-11 08:45:01+01:00,202111.log@995,250777436.16,20321402.88,22.826
2021-11-11 09:45:01+01:00,202111.log@999,307075481.6,19776143.36,22.474
2021-11-11 10:45:01+01:00,202111.log@1003,318630789.12,20289945.6,23.031
2021-11-11 11:45:01+01:00,202111.log@1007,301559971.84,19975372.8,25.323
2021-11-11 12:45:01+01:00,202111.log@1011,239473786.88,20845690.88,24.767
2021-11-11 13:45:01+01:00,202111.log@1015,305722818.56,20656947.2,25.164
2021-11-11 14:45:01+01:00,202111.log@1019,243395461.12,16368271.36,22.957
2021-11-11 15:45:01+01:00,202111.log@1023,252119613.44,17741905.92,25.728
2021-11-11 16:45:01+01:00,202111.log@1027,245335326.72,16997416.96,27.247
2021-11-11 17:45:01+01:00,202111.log@1031,298131128.32,20667432.96,24.882
2021-11-11 18:45:01+01:00,202111.log@1035,303478865.92,20143144.96,26.628
2021-11-11 19:45:01+01:00,202111.log@1039,295698432.0,19419627.52,26.497
2021-11-11 20:45:01+01:00,202111.log@1043,244234321.92,20604518.4,25.377
2021-11-11 21:45:01+01:00,202111.log@1047,294345768.96,15120465.92,22.159
2021-11-11 22:45:01+01:00,202111.log@1051,236328058.88,20615004.16,22.792
2021-11-11 23:45:01+01:00,202111.log@1055,301255884.8,20164116.48,22.48
2021-11-12 00:45:02+01:00,202111.log@1059,303908782.08,20583546.88,16.765
2021-11-12 01:45:01+01:00,202111.log@1063,335911321.6,20206059.52,20.329
2021-11-12 02:45:01+01:00,202111.log@1067,282066944.0,20531118.08,22.74
2021-11-12 03:45:01+01:00,202111.log@1071,110792540.16,20101201.92,22.377
2021-11-12 04:45:01+01:00,202111.log@1075,354229944.32,20667432.96,20.685
2021-11-12 05:45:01+01:00,202111.log@1079,299295047.68,20038287.36,24.193
2021-11-12 06:45:01+01:00,202111.log@1083,65861058.56,20667432.96,24.966
2021-11-12 07:45:01+01:00,202111.log@1087,241937940.48,20415774.72,24.744
2021-11-12 08:45:01+01:00,202111.log@1091,251710668.8,17605591.04,24.128
2021-11-12 09:45:01+01:00,202111.log@1095,263245004.8,20143144.96,24.14
2021-11-12 10:45:01+01:00,202111.log@1099,243689062.4,20090716.16,25.013
2021-11-12 11:45:01+01:00,202111.log@1103,251427553.28,20080230.4,25.451
2021-11-12 12:45:01+01:00,202111.log@1107,195119022.08,17909678.08,24.65
2021-11-12 13:45:01+01:00,202111.log@1111,253472276.48,20331888.64,23.836
2021-11-12 14:45:01+01:00,202111.log@1115,365407764.48,18591252.48,23.516
2021-11-12 15:45:01+01:00,202111.log@1119,247904337.92,19943915.52,22.947
2021-11-12 16:45:01+01:00,202111.log@1123,362450780.16,17133731.84,22.377
2021-11-12 17:45:01+01:00,202111.log@1127,312098160.64,20499660.8,23.653
2021-11-12 18:45:01+01:00,202111.log@1131,298781245.44,20478689.28,21.987
2021-11-12 19:45:01+01:00,202111.log@1135,300721111.04,20677918.72,22.711
2021-11-12 20:45:01+01:00,202111.log@1139,319931023.36,16399728.64,27.44
2021-11-12 21:45:01+01:00,202111.log@1143,167342243.84,17437818.88,25.471
2021-11-12 22:45:01+01:00,202111.log@1147,250284605.44,20457717.76,25.359
2021-11-12 23:45:01+01:00,202111.log@1151,233528360.96,20793262.08,23.658
2021-11-13 00:45:02+01:00,202111.log@1155,271539240.96,20719861.76,23.818
2021-11-13 01:45:01+01:00,202111.log@1159,276582891.52,20478689.28,22.7
2021-11-13 02:45:01+01:00,202111.log@1163,247589765.12,20478689.28,24.956
2021-11-13 03:45:01+01:00,202111.log@1167,290036121.6,20552089.6,24.296
2021-11-13 04:45:01+01:00,202111.log@1171,206223441.92,20793262.08,25.0
2021-11-13 05:45:01+01:00,202111.log@1175,256880148.48,20310917.12,23.892
2021-11-13 06:45:02+01:00,202111.log@1179,317057925.12,20195573.76,23.399
2021-11-13 07:45:01+01:00,202111.log@1183,276876492.8,20394803.2,27.464
2021-11-13 08:45:02+01:00,202111.log@1187,333247938.56,20111687.68,28.387
2021-11-13 09:45:01+01:00,202111.log@1191,331717017.6,20006830.08,23.036
2021-11-13 10:45:01+01:00,202111.log@1195,145825464.32,20373831.68,24.34
2021-11-13 11:45:01+01:00,202111.log@1199,282203258.88,20394803.2,22.351
2021-11-13 12:45:01+01:00,202111.log@1203,198138920.96,20635975.68,24.956
2021-11-13 13:45:01+01:00,202111.log@1207,286554849.28,20027801.6,20.222
2021-11-13 14:45:01+01:00,202111.log@1211,219980759.04,20929576.96,25.583
2021-11-13 15:45:01+01:00,202111.log@1215,190819860.48,19587399.68,25.478
2021-11-13 16:45:01+01:00,202111.log@1219,213028700.16,20195573.76,25.423
2021-11-13 17:45:01+01:00,202111.log@1223,336446095.36,20447232.0,19.65
2021-11-13 18:45:01+01:00,202111.log@1227,320130252.8,20321402.88,21.582
2021-11-13 19:45:01+01:00,202111.log@1231,310137323.52,20248002.56,18.653
2021-11-13 20:45:02+01:00,202111.log@1235,308983889.92,20635975.68,23.127
2021-11-13 21:45:01+01:00,202111.log@1239,278050897.92,20751319.04,24.477
2021-11-13 22:45:01+01:00,202111.log@1243,300867911.68,20373831.68,20.565
2021-11-13 23:45:01+01:00,202111.log@1247,321430487.04,20751319.04,23.521
2021-11-14 00:45:01+01:00,202111.log@1251,156793569.28,20541603.84,23.492
2021-11-14 01:45:01+01:00,202111.log@1255,331150786.56,20615004.16,18.848
2021-11-14 02:45:01+01:00,202111.log@1259,298288414.72,20541603.84,20.021
2021-11-14 03:45:01+01:00,202111.log@1263,328655175.68,14837350.4,22.193
2021-11-14 04:45:01+01:00,202111.log@1267,283734179.84,14648606.72,18.329
2021-11-14 05:45:01+01:00,202111.log@1271,247222763.52,13778288.64,19.675
2021-11-14 06:45:01+01:00,202111.log@1275,368731750.4,20761804.8,25.634
2021-11-14 07:45:01+01:00,202111.log@1279,343083581.44,18612224.0,24.005
2021-11-14 08:45:01+01:00,202111.log@1283,167772160.0,20573061.12,23.13
2021-11-14 09:45:01+01:00,202111.log@1287,307211796.48,20730347.52,22.876
2021-11-14 10:45:01+01:00,202111.log@1291,254510366.72,20541603.84,22.486
2021-11-14 11:45:01+01:00,202111.log@1295,225674526.72,20688404.48,21.065
2021-11-14 12:45:01+01:00,202111.log@1299,323622010.88,20552089.6,25.123
2021-11-14 13:45:01+01:00,202111.log@1303,324502814.72,20531118.08,26.001
2021-11-14 14:45:01+01:00,202111.log@1307,259627417.6,19744686.08,24.34
2021-11-14 15:45:02+01:00,202111.log@1311,336058122.24,20048773.12,25.082
2021-11-14 16:45:01+01:00,202111.log@1315,203423744.0,20216545.28,24.593
2021-11-14 17:45:01+01:00,202111.log@1319,277379809.28,20363345.92,27.994
2021-11-14 18:45:01+01:00,202111.log@1323,335030517.76,19513999.36,23.341
2021-11-14 19:45:01+01:00,202111.log@1327,233004072.96,20300431.36,21.937
2021-11-14 20:45:01+01:00,202111.log@1331,261714083.84,20352860.16,23.391
2021-11-14 21:45:02+01:00,202111.log@1335,245031239.68,15414067.2,24.675
2021-11-14 22:45:01+01:00,202111.log@1339,276152975.36,16913530.88,18.489
2021-11-14 23:45:01+01:00,202111.log@1343,247296163.84,14921236.48,18.139
2021-11-15 00:45:01+01:00,202111.log@1347,258725642.24,14082375.68,20.309
2021-11-15 01:45:01+01:00,202111.log@1351,254657167.36,14334033.92,22.129
2021-11-15 02:45:01+01:00,202111.log@1355,288211599.36,14973665.28,18.499
2021-11-15 03:45:01+01:00,202111.log@1359,275586744.32,20059258.88,21.678
2021-11-15 04:45:01+01:00,202111.log@1363,315705262.08,20531118.08,20.32
2021-11-15 05:45:01+01:00,202111.log@1367,303038464.0,20436746.24,19.165
2021-11-15 06:45:01+01:00,202111.log@1371,308354744.32,20468203.52,23.247
2021-11-15 07:45:01+01:00,202111.log@1375,259459645.44,20635975.68,24.681
2021-11-15 08:45:02+01:00,202111.log@1379,316072263.68,20531118.08,24.303
2021-11-15 09:45:01+01:00,202111.log@1383,18612224.0,14071889.92,25.143
2021-11-15 10:45:01+01:00,202111.log@1387,284782755.84,20552089.6,19.633
2021-11-15 11:45:02+01:00,202111.log@1391,285831331.84,20667432.96,20.45
2021-11-15 12:45:01+01:00,202111.log@1395,66815262.72,20352860.16,23.906
2021-11-15 13:45:01+01:00,202111.log@1399,241979883.52,19839057.92,25.64
2021-11-15 14:45:02+01:00,202111.log@1403,209746657.28,20824719.36,25.639
2021-11-15 15:45:01+01:00,202111.log@1407,105130229.76,20227031.04,23.494
2021-11-15 16:45:01+01:00,202111.log@1411,344320901.12,20153630.72,26.171
2021-11-15 17:45:01+01:00,202111.log@1415,178226462.72,19943915.52,24.786
2021-11-15 18:45:01+01:00,202111.log@1419,267428823.04,20195573.76,25.985
2021-11-15 19:45:01+01:00,202111.log@1423,284677898.24,20384317.44,25.219
2021-11-15 20:45:01+01:00,202111.log@1427,281626542.08,20300431.36,26.389
2021-11-15 21:45:01+01:00,202111.log@1431,289197260.8,15602810.88,25.153
2021-11-15 22:45:01+01:00,202111.log@1435,310766469.12,19786629.12,24.044
2021-11-15 23:45:01+01:00,202111.log@1439,237502464.0,20625489.92,24.687
2021-11-16 00:45:01+01:00,202111.log@1443,292489789.44,20499660.8,24.288
2021-11-16 01:45:01+01:00,202111.log@1447,285390929.92,20772290.56,23.441
2021-11-16 02:45:01+01:00,202111.log@1451,307494912.0,20331888.64,25.028
2021-11-16 03:45:01+01:00,202111.log@1455,143235481.6,20069744.64,23.804
2021-11-16 04:45:01+01:00,202111.log@1459,201462906.88,20006830.08,24.644
2021-11-16 05:45:01+01:00,202111.log@1463,168642478.08,20719861.76,24.241
2021-11-16 06:45:01+01:00,202111.log@1467,222686085.12,20573061.12,27.862
2021-11-16 07:45:02+01:00,202111.log@1471,260508221.44,20489175.04,29.676
2021-11-16 08:45:01+01:00,202111.log@1475,273971937.28,20373831.68,23.728
2021-11-16 09:45:01+01:00,202111.log@1479,277620981.76,19566428.16,25.857
2021-11-16 10:45:01+01:00,202111.log@1483,250158776.32,17469276.16,23.822
2021-11-16 11:45:01+01:00,202111.log@1487,266139074.56,20132659.2,24.477
2021-11-16 12:45:02+01:00,202111.log@1491,342139863.04,20248002.56,25.636
2021-11-16 13:45:01+01:00,202111.log@1495,249718374.4,20027801.6,26.747
2021-11-16 14:45:01+01:00,202111.log@1499,268928286.72,19629342.72,24.329
2021-11-16 15:45:01+01:00,202111.log@1503,274213109.76,20090716.16,24.77
2021-11-16 16:45:01+01:00,202111.log@1507,292154245.12,19524485.12,19.777
2021-11-16 17:45:01+01:00,202111.log@1511,301035683.84,20646461.44,19.337
2021-11-16 18:45:01+01:00,202111.log@1515,283209891.84,20730347.52,22.587
2021-11-16 19:45:01+01:00,202111.log@1519,52302970.88,20216545.28,24.417
2021-11-16 20:45:01+01:00,202111.log@1523,284562554.88,20457717.76,22.692
2021-11-16 21:45:02+01:00,202111.log@1527,257551237.12,20310917.12,23.648
2021-11-16 22:45:01+01:00,202111.log@1531,208918282.24,20216545.28,23.756
2021-11-16 23:45:01+01:00,202111.log@1535,49681530.88,20531118.08,23.714
2021-11-17 00:45:02+01:00,202111.log@1539,306446336.0,20573061.12,23.382
2021-11-17 01:45:01+01:00,202111.log@1543,345684049.92,20615004.16,25.083
2021-11-17 02:45:01+01:00,202111.log@1547,287844597.76,20248002.56,24.87
2021-11-17 03:45:01+01:00,202111.log@1551,306918195.2,16619929.6,22.957
2021-11-17 04:45:01+01:00,202111.log@1555,322049146.88,13988003.84,17.99
2021-11-17 05:45:01+01:00,202111.log@1559,284719841.28,13799260.16,22.341
2021-11-17 06:45:01+01:00,202111.log@1563,163158425.6,20510146.56,22.412
2021-11-17 07:45:01+01:00,202111.log@1567,259522560.0,20132659.2,24.512
2021-11-17 08:45:01+01:00,202111.log@1571,269295288.32,20310917.12,23.86
2021-11-17 09:45:01+01:00,202111.log@1575,181875507.2,20615004.16,24.829
2021-11-17 10:45:01+01:00,202111.log@1579,218355466.24,20352860.16,24.444
2021-11-17 11:45:01+01:00,202111.log@1583,319312363.52,20227031.04,24.295
2021-11-17 12:45:01+01:00,202111.log@1587,241864540.16,20677918.72,25.022
2021-11-17 13:45:01+01:00,202111.log@1591,92327116.8,20719861.76,25.234
2021-11-17 14:45:01+01:00,202111.log@1595,252392243.2,20698890.24,24.108
2021-11-17 15:45:01+01:00,202111.log@1599,290958868.48,20468203.52,22.746
2021-11-17 16:45:01+01:00,202111.log@1603,288159170.56,7130316.8,18.106
2021-11-17 17:45:01+01:00,202111.log@1607,256093716.48,20321402.88,18.919
2021-11-17 18:45:01+01:00,202111.log@1611,89663733.76,17825792.0,22.957
2021-11-17 19:45:01+01:00,202111.log@1615,49094328.32,18402508.8,24.01
2021-11-17 20:45:01+01:00,202111.log@1619,60104376.32,3019898.88,23.577
2021-11-17 21:45:01+01:00,202111.log@1623,288599572.48,20541603.84,21.617
2021-11-17 22:45:01+01:00,202111.log@1627,303751495.68,20646461.44,19.493
2021-11-17 23:45:01+01:00,202111.log@1631,267596595.2,20615004.16,21.161
2021-11-18 00:45:02+01:00,202111.log@1635,313964625.92,20006830.08,24.076
2021-11-18 01:45:01+01:00,202111.log@1639,304495984.64,15760097.28,24.974
2021-11-18 02:45:01+01:00,202111.log@1643,216321228.8,20887633.92,24.513
2021-11-18 03:45:01+01:00,202111.log@1647,278501785.6,19220398.08,23.842
2021-11-18 04:45:01+01:00,202111.log@1651,223178915.84,16703815.68,22.914
2021-11-18 05:45:01+01:00,202111.log@1655,380706488.32,18727567.36,23.313
2021-11-18 06:45:01+01:00,202111.log@1659,313146736.64,20279459.84,22.753
2021-11-18 07:45:02+01:00,202111.log@1663,144651059.2,20227031.04,23.18
2021-11-18 08:45:01+01:00,202111.log@1667,346250280.96,20174602.24,25.836
2021-11-18 09:45:01+01:00,202111.log@1671,252234956.8,20048773.12,22.923
2021-11-18 10:45:01+01:00,202111.log@1675,203119656.96,19901972.48,23.86
2021-11-18 11:45:01+01:00,202111.log@1679,341584117.76,19964887.04,21.655
2021-11-18 12:45:01+01:00,202111.log@1683,213385216.0,20709376.0,21.563
2021-11-18 13:45:01+01:00,202111.log@1687,282433945.6,20321402.88,24.459
2021-11-18 14:45:01+01:00,202111.log@1691,201483878.4,19388170.24,23.98
2021-11-18 15:45:02+01:00,202111.log@1695,323559096.32,20185088.0,23.239
2021-11-18 16:45:01+01:00,202111.log@1699,302115717.12,20195573.76,22.638
2021-11-18 17:45:01+01:00,202111.log@1703,264943697.92,20331888.64,26.22
2021-11-18 18:45:01+01:00,202111.log@1707,338427904.0,20583546.88,21.918
2021-11-18 19:45:01+01:00,202111.log@1711,222560256.0,19608371.2,21.859
2021-11-18 20:45:01+01:00,202111.log@1715,224248463.36,20573061.12,25.15
2021-11-18 21:45:01+01:00,202111.log@1719,220756705.28,20331888.64,24.008
2021-11-18 22:45:01+01:00,202111.log@1723,298256957.44,15109980.16,23.773
2021-11-18 23:45:02+01:00,202111.log@1727,269001687.04,20122173.44,24.169
2021-11-19 00:45:01+01:00,202111.log@1731,240805478.4,20761804.8,25.368
2021-11-19 01:45:01+01:00,202111.log@1735,60964208.64,20468203.52,22.617
2021-11-19 02:45:01+01:00,202111.log@1739,279120445.44,20237516.8,24.331
2021-11-19 03:45:01+01:00,202111.log@1743,113225236.48,20195573.76,22.468
2021-11-19 04:45:01+01:00,202111.log@1747,147597557.76,20552089.6,22.516
2021-11-19 05:45:01+01:00,202111.log@1751,348315975.68,20520632.32,19.674
2021-11-19 06:45:01+01:00,202111.log@1755,322929950.72,20363345.92,21.995
2021-11-19 07:45:01+01:00,202111.log@1759,174126530.56,20594032.64,22.651
2021-11-19 08:45:01+01:00,202111.log@1763,252360785.92,20772290.56,22.836
2021-11-19 09:45:01+01:00,202111.log@1767,290633809.92,20373831.68,22.691
2021-11-19 10:45:01+01:00,202111.log@1771,282779975.68,20143144.96,25.185
2021-11-19 11:45:01+01:00,202111.log@1775,313901711.36,20761804.8,23.987
2021-11-19 12:45:01+01:00,202111.log@1779,181833564.16,19451084.8,23.182
2021-11-19 13:45:01+01:00,202111.log@1783,279120445.44,20615004.16,23.398
2021-11-19 14:45:01+01:00,202111.log@1787,288085770.24,20845690.88,23.083
2021-11-19 15:45:01+01:00,202111.log@1791,119946608.64,18486394.88,25.246
2021-11-19 16:45:02+01:00,202111.log@1795,122190561.28,20342374.4,24.161
2021-11-19 17:45:01+01:00,202111.log@1799,141400473.6,19335741.44,24.048
2021-11-19 18:45:01+01:00,202111.log@1803,94833213.44,20436746.24,24.128
2021-11-19 19:45:01+01:00,202111.log@1807,281469255.68,20573061.12,22.977
2021-11-19 20:45:01+01:00,202111.log@1811,267334451.2,15634268.16,22.344
2021-11-19 21:45:01+01:00,202111.log@1815,281049825.28,14795407.36,26.987
2021-11-19 22:45:01+01:00,202111.log@1819,58332282.88,19136512.0,27.317
2021-11-19 23:45:01+01:00,202111.log@1823,62243471.36,20489175.04,24.14
2021-11-20 00:45:01+01:00,202111.log@1827,61478010.88,20153630.72,23.879
2021-11-20 01:45:01+01:00,202111.log@1831,281049825.28,20573061.12,24.63
2021-11-20 02:45:01+01:00,202111.log@1835,353831485.44,11523850.24,24.121
2021-11-20 03:45:01+01:00,202111.log@1839,352950681.6,20719861.76,24.654
2021-11-20 04:45:01+01:00,202111.log@1843,207471247.36,20258488.32,26.992
2021-11-20 05:45:02+01:00,202111.log@1847,278040412.16,20625489.92,25.58
2021-11-20 06:45:01+01:00,202111.log@1851,288767344.64,20625489.92,27.681
2021-11-20 07:45:01+01:00,202111.log@1855,268791971.84,19922944.0,26.358
2021-11-20 08:45:01+01:00,202111.log@1859,267376394.24,19692257.28,23.629
2021-11-20 09:45:01+01:00,202111.log@1863,270259978.24,19975372.8,25.805
2021-11-20 10:45:01+01:00,202111.log@1867,92589260.8,20143144.96,26.841
2021-11-20 11:45:02+01:00,202111.log@1871,113162321.92,19901972.48,24.405
2021-11-20 12:45:02+01:00,202111.log@1875,82113986.56,19996344.32,22.99
2021-11-20 13:45:01+01:00,202111.log@1879,232028897.28,20887633.92,24.934
2021-11-20 14:45:01+01:00,202111.log@1883,315097088.0,20635975.68,22.945
2021-11-20 15:45:01+01:00,202111.log@1887,358445219.84,20541603.84,23.143
2021-11-20 16:45:01+01:00,202111.log@1891,384208732.16,20206059.52,23.001
2021-11-20 17:45:01+01:00,202111.log@1895,375379722.24,20688404.48,22.631
2021-11-20 18:45:01+01:00,202111.log@1899,278334013.44,20415774.72,25.849
2021-11-20 19:45:01+01:00,202111.log@1903,259187015.68,20143144.96,23.99
2021-11-20 20:45:01+01:00,202111.log@1907,309455749.12,14596177.92,17.977
2021-11-20 21:45:01+01:00,202111.log@1911,269913948.16,13610516.48,21.305
2021-11-20 22:45:01+01:00,202111.log@1915,311112499.2,20604518.4,25.222
2021-11-20 23:45:01+01:00,202111.log@1919,272241786.88,20300431.36,21.501
2021-11-21 00:45:01+01:00,202111.log@1923,262280314.88,20499660.8,24.474
2021-11-21 01:45:01+01:00,202111.log@1927,129320878.08,19933429.76,26.201
2021-11-21 02:45:01+01:00,202111.log@1931,276006174.72,20604518.4,23.964
2021-11-21 03:45:01+01:00,202111.log@1935,361444147.2,20531118.08,23.963
2021-11-21 04:45:01+01:00,202111.log@1939,121687244.8,20289945.6,28.176
2021-11-21 05:45:02+01:00,202111.log@1943,306802851.84,20761804.8,26.785
2021-11-21 06:45:01+01:00,202111.log@1947,265971302.4,18444451.84,26.787
2021-11-21 07:45:01+01:00,202111.log@1951,157034741.76,20583546.88,25.826
2021-11-21 08:45:01+01:00,202111.log@1955,250850836.48,20447232.0,24.523
2021-11-21 09:45:01+01:00,202111.log@1959,266956963.84,20331888.64,25.134
2021-11-21 10:45:01+01:00,202111.log@1963,281521684.48,20468203.52,22.154
2021-11-21 11:45:01+01:00,202111.log@1967,299882250.24,14638120.96,17.382
2021-11-21 12:45:01+01:00,202111.log@1971,304537927.68,15875440.64,20.696
2021-11-21 13:45:01+01:00,202111.log@1975,316208578.56,15120465.92,19.673
2021-11-21 14:45:01+01:00,202111.log@1979,252780216.32,20698890.24,24.695
2021-11-21 15:45:01+01:00,202111.log@1983,295792803.84,20143144.96,25.311
2021-11-21 16:45:01+01:00,202111.log@1987,232133754.88,20562575.36,28.738
2021-11-21 17:45:01+01:00,202111.log@1991,306907709.44,20478689.28,25.154
2021-11-21 18:45:01+01:00,202111.log@1995,367798517.76,20447232.0,20.966
2021-11-21 19:45:01+01:00,202111.log@1999,270574551.04,20793262.08,23.928
2021-11-21 20:45:01+01:00,202111.log@2003,264419409.92,13862174.72,22.219
2021-11-21 21:45:01+01:00,202111.log@2007,301276856.32,14816378.88,24.052
2021-11-21 22:45:01+01:00,202111.log@2011,255129026.56,14501806.08,18.44
2021-11-21 23:45:01+01:00,202111.log@2015,87314923.52,20583546.88,22.636
2021-11-22 00:45:01+01:00,202111.log@2019,79712747.52,19765657.6,23.618
2021-11-22 01:45:01+01:00,202111.log@2023,111065169.92,20604518.4,23.463
2021-11-22 02:45:01+01:00,202111.log@2027,264608153.6,12027166.72,20.548
2021-11-22 03:45:01+01:00,202111.log@2031,208068935.68,20342374.4,23.81
2021-11-22 04:45:01+01:00,202111.log@2035,263119175.68,14585692.16,18.155
2021-11-22 05:45:01+01:00,202111.log@2039,256544604.16,20520632.32,24.837
2021-11-22 06:45:01+01:00,202111.log@2043,180512358.4,20594032.64,23.974
2021-11-22 07:45:01+01:00,202111.log@2047,287320309.76,20740833.28,24.408
2021-11-22 08:45:01+01:00,202111.log@2051,79293317.12,20373831.68,25.715
2021-11-22 09:45:01+01:00,202111.log@2055,271633612.8,19681771.52,26.264
2021-11-22 10:45:01+01:00,202111.log@2059,112837263.36,20227031.04,23.903
2021-11-22 11:45:01+01:00,202111.log@2063,153501040.64,16766730.24,23.493
2021-11-22 12:45:01+01:00,202111.log@2067,82397102.08,20153630.72,24.468
2021-11-22 13:45:01+01:00,202111.log@2071,102005473.28,20478689.28,22.993
2021-11-22 14:45:01+01:00,202111.log@2075,313817825.28,16389242.88,23.077
2021-11-22 15:45:01+01:00,202111.log@2079,332650250.24,20373831.68,25.639
2021-11-22 16:45:01+01:00,202111.log@2083,275198771.2,20531118.08,23.141
2021-11-22 17:45:01+01:00,202111.log@2087,312989450.24,20384317.44,18.853
2021-11-22 18:45:01+01:00,202111.log@2091,322741207.04,19985858.56,20.808
2021-11-22 19:45:01+01:00,202111.log@2095,232458813.44,20583546.88,23.486
2021-11-22 20:45:01+01:00,202111.log@2099,265614786.56,20206059.52,27.588
2021-11-22 21:45:01+01:00,202111.log@2103,245440184.32,19901972.48,26.985
2021-11-22 22:45:01+01:00,202111.log@2107,332471992.32,17165189.12,25.349
2021-11-22 23:45:01+01:00,202111.log@2111,300511395.84,20122173.44,28.238
2021-11-23 00:45:01+01:00,202111.log@2115,267282022.4,19975372.8,24.279
2021-11-23 01:45:01+01:00,202111.log@2119,262783631.36,20447232.0,25.4
2021-11-23 02:45:01+01:00,202111.log@2123,254793482.24,20384317.44,24.663
2021-11-23 03:45:01+01:00,202111.log@2127,281270026.24,20667432.96,25.632
2021-11-23 04:45:01+01:00,202111.log@2131,273122590.72,20258488.32,24.514
2021-11-23 05:45:01+01:00,202111.log@2135,308658831.36,19933429.76,27.17
2021-11-23 06:45:02+01:00,202111.log@2139,174608875.52,20562575.36,25.417
2021-11-23 07:45:01+01:00,202111.log@2143,301738229.76,20394803.2,24.989
2021-11-23 08:45:01+01:00,202111.log@2147,284635955.2,19964887.04,28.582
2021-11-23 09:45:01+01:00,202111.log@2151,253440819.2,20457717.76,23.851
2021-11-23 10:45:01+01:00,202111.log@2155,254856396.8,19283312.64,23.759
2021-11-23 11:45:01+01:00,202111.log@2159,97517568.0,19660800.0,23.943
2021-11-23 12:45:01+01:00,202111.log@2163,123176222.72,20300431.36,24.856
2021-11-23 13:45:01+01:00,202111.log@2167,274496225.28,19839057.92,27.096
2021-11-23 14:45:01+01:00,202111.log@2171,322982379.52,20363345.92,22.741
2021-11-23 15:45:02+01:00,202111.log@2175,267753881.6,20436746.24,17.724
2021-11-23 16:45:02+01:00,202111.log@2179,334736916.48,20541603.84,19.766
2021-11-23 17:45:01+01:00,202111.log@2183,246876733.44,20405288.96,26.42
2021-11-23 18:45:01+01:00,202111.log@2187,161774305.28,15414067.2,21.762
2021-11-23 19:45:01+01:00,202111.log@2191,234650337.28,20426260.48,22.297
2021-11-23 20:45:01+01:00,202111.log@2195,224909066.24,20646461.44,26.976
2021-11-23 21:45:01+01:00,202111.log@2199,211267092.48,20426260.48,26.217
2021-11-23 22:45:02+01:00,202111.log@2203,321388544.0,19870515.2,22.272
2021-11-23 23:45:01+01:00,202111.log@2207,254929797.12,20562575.36,27.753
2021-11-24 00:45:02+01:00,202111.log@2211,291608985.6,20384317.44,26.307
2021-11-24 01:45:01+01:00,202111.log@2215,273091133.44,19975372.8,27.647
2021-11-24 02:45:01+01:00,202111.log@2219,90188021.76,20803747.84,22.459
2021-11-24 03:45:01+01:00,202111.log@2223,317875814.4,20761804.8,22.176
2021-11-24 04:45:02+01:00,202111.log@2227,324964188.16,20520632.32,20.906
2021-11-24 05:45:01+01:00,202111.log@2231,234514022.4,19818086.4,26.793
2021-11-24 06:45:01+01:00,202111.log@2235,261189795.84,20552089.6,28.608
2021-11-24 07:45:01+01:00,202111.log@2239,238613954.56,19786629.12,28.33
2021-11-24 08:45:01+01:00,202111.log@2243,283922923.52,20048773.12,27.163
2021-11-24 09:45:01+01:00,202111.log@2247,270658437.12,19996344.32,22.587
2021-11-24 10:45:01+01:00,202111.log@2251,231127121.92,19671285.76,24.474
2021-11-24 11:45:01+01:00,202111.log@2255,291011297.28,20405288.96,30.168
2021-11-24 12:45:01+01:00,202111.log@2259,263591034.88,20248002.56,28.184
2021-11-24 13:45:01+01:00,202111.log@2263,262794117.12,20279459.84,26.167
2021-11-24 14:45:01+01:00,202111.log@2267,255863029.76,20101201.92,30.211
2021-11-24 15:45:01+01:00,202111.log@2271,291692871.68,20090716.16,24.921
2021-11-24 16:45:01+01:00,202111.log@2275,258820014.08,19430113.28,24.294
2021-11-24 17:45:01+01:00,202111.log@2279,251196866.56,20352860.16,26.807
2021-11-24 18:45:01+01:00,202111.log@2283,217946521.6,20227031.04,25.35
2021-11-24 19:45:01+01:00,202111.log@2287,243615662.08,20761804.8,24.464
2021-11-24 20:45:01+01:00,202111.log@2291,350759157.76,20499660.8,24.779
2021-11-24 21:45:01+01:00,202111.log@2295,256775290.88,20625489.92,26.64
2021-11-24 22:45:01+01:00,202111.log@2299,244811038.72,19870515.2,25.514
2021-11-24 23:45:01+01:00,202111.log@2303,316921610.24,20436746.24,22.136
2021-11-25 00:45:01+01:00,202111.log@2307,284111667.2,20436746.24,21.472
2021-11-25 01:45:01+01:00,202111.log@2311,278585671.68,20615004.16,20.621
2021-11-25 02:45:02+01:00,202111.log@2315,270155120.64,20227031.04,26.842
2021-11-25 03:45:01+01:00,202111.log@2319,232490270.72,20352860.16,27.991
2021-11-25 04:45:02+01:00,202111.log@2323,198789038.08,20185088.0,25.673
2021-11-25 05:45:01+01:00,202111.log@2327,348211118.08,20080230.4,24.569
2021-11-25 06:45:01+01:00,202111.log@2331,224164577.28,20646461.44,25.01
2021-11-25 07:45:01+01:00,202111.log@2335,97014251.52,20573061.12,25.792
2021-11-25 08:45:01+01:00,202111.log@2339,81652613.12,20447232.0,24.903
2021-11-25 09:45:02+01:00,202111.log@2343,280808652.8,20090716.16,24.612
2021-11-25 10:45:01+01:00,202111.log@2347,89349160.96,20237516.8,23.647
2021-11-25 11:45:01+01:00,202111.log@2351,193724416.0,20426260.48,26.076
2021-11-25 12:45:01+01:00,202111.log@2355,328445460.48,20793262.08,22.359
2021-11-25 13:45:01+01:00,202111.log@2359,337714872.32,20321402.88,19.505
2021-11-25 14:45:02+01:00,202111.log@2363,306855280.64,20090716.16,18.858
2021-11-25 15:45:01+01:00,202111.log@2367,179589611.52,19524485.12,25.806
2021-11-25 16:45:01+01:00,202111.log@2371,212294696.96,19346227.2,26.334
2021-11-25 17:45:01+01:00,202111.log@2375,221385850.88,19398656.0,24.881
2021-11-25 18:45:01+01:00,202111.log@2379,265457500.16,17144217.6,24.495
2021-11-25 19:45:02+01:00,202111.log@2383,309875179.52,14113832.96,18.598
2021-11-25 20:45:01+01:00,202111.log@2387,269788119.04,13662945.28,18.657
2021-11-25 21:45:01+01:00,202111.log@2391,290570895.36,20248002.56,19.518
2021-11-25 22:45:01+01:00,202111.log@2395,324366499.84,20153630.72,23.996
2021-11-25 23:45:01+01:00,202111.log@2399,268320112.64,20625489.92,20.497
2021-11-26 00:45:01+01:00,202111.log@2403,98786344.96,20635975.68,25.1
2021-11-26 01:45:01+01:00,202111.log@2407,79985377.28,20604518.4,23.004
2021-11-26 02:45:01+01:00,202111.log@2411,98345943.04,20730347.52,23.825
2021-11-26 03:45:01+01:00,202111.log@2415,68241326.08,20499660.8,21.985
2021-11-26 04:45:01+01:00,202111.log@2419,51977912.32,20688404.48,24.658
2021-11-26 05:45:01+01:00,202111.log@2423,51411681.28,20635975.68,23.154
2021-11-26 06:45:01+01:00,202111.log@2427,319144591.36,20615004.16,23.655
2021-11-26 07:45:01+01:00,202111.log@2431,290140979.2,20300431.36,26.332
2021-11-26 08:45:01+01:00,202111.log@2435,180931788.8,19608371.2,24.685
2021-11-26 09:45:01+01:00,202111.log@2439,314950287.36,20793262.08,23.491
2021-11-26 10:45:01+01:00,202111.log@2443,326369280.0,20573061.12,23.735
2021-11-26 11:45:01+01:00,202111.log@2447,83686850.56,19451084.8,22.904
2021-11-26 12:45:01+01:00,202111.log@2451,332063047.68,20111687.68,23.001
2021-11-26 13:45:01+01:00,202111.log@2455,294723256.32,19272826.88,19.009
2021-11-26 14:45:01+01:00,202111.log@2459,281217597.44,20185088.0,19.842
2021-11-26 15:45:01+01:00,202111.log@2463,194091417.6,19178455.04,23.716
2021-11-26 16:45:01+01:00,202111.log@2467,274517196.8,19744686.08,22.799
2021-11-26 17:45:01+01:00,202111.log@2471,296610693.12,20300431.36,18.65
2021-11-26 18:45:01+01:00,202111.log@2475,239945646.08,14323548.16,22.073
2021-11-26 19:45:01+01:00,202111.log@2479,275251200.0,15330181.12,18.234
2021-11-26 20:45:01+01:00,202111.log@2483,341898690.56,14344519.68,22.067
2021-11-26 21:45:01+01:00,202111.log@2487,301339770.88,20279459.84,21.991
2021-11-26 22:45:02+01:00,202111.log@2491,272577331.2,20688404.48,21.757
2021-11-26 23:45:01+01:00,202111.log@2495,225097809.92,20656947.2,21.679
2021-11-27 00:45:01+01:00,202111.log@2499,93847552.0,20604518.4,24.517
2021-11-27 01:45:01+01:00,202111.log@2503,77584138.24,20363345.92,22.222
2021-11-27 02:45:01+01:00,202111.log@2507,171809177.6,20719861.76,22.392
2021-11-27 03:45:01+01:00,202111.log@2511,315600404.48,20248002.56,23.123
2021-11-27 04:45:01+01:00,202111.log@2515,322468577.28,20656947.2,19.123
2021-11-27 05:45:01+01:00,202111.log@2519,301853573.12,20635975.68,19.591
2021-11-27 06:45:01+01:00,202111.log@2523,152798494.72,20615004.16,23.936
2021-11-27 07:45:01+01:00,202111.log@2527,92484403.2,20667432.96,25.929
2021-11-27 08:45:01+01:00,202111.log@2531,245230469.12,19713228.8,26.025
2021-11-27 09:45:02+01:00,202111.log@2535,141966704.64,20573061.12,23.415
2021-11-27 10:45:01+01:00,202111.log@2539,294261882.88,20510146.56,24.317
2021-11-27 11:45:01+01:00,202111.log@2543,156164423.68,19881000.96,21.766
2021-11-27 12:45:01+01:00,202111.log@2547,267177164.8,20394803.2,22.356
2021-11-27 13:45:01+01:00,202111.log@2551,277631467.52,13820231.68,18.653
2021-11-27 14:45:01+01:00,202111.log@2555,244611809.28,14522777.6,19.61
2021-11-27 15:45:01+01:00,202111.log@2559,224730808.32,20573061.12,23.096
2021-11-27 16:45:01+01:00,202111.log@2563,58667827.2,20499660.8,23.967
2021-11-27 17:45:02+01:00,202111.log@2567,324460871.68,20730347.52,21.723
2021-11-27 18:45:01+01:00,202111.log@2571,222298112.0,20730347.52,24.965
2021-11-27 19:45:01+01:00,202111.log@2575,283136491.52,20562575.36,24.092
2021-11-27 20:45:01+01:00,202111.log@2579,260560650.24,14155776.0,23.345
2021-11-27 21:45:01+01:00,202111.log@2583,246792847.36,20635975.68,24.159
2021-11-27 22:45:01+01:00,202111.log@2587,224625950.72,20583546.88,24.684
2021-11-27 23:45:01+01:00,202111.log@2591,363740528.64,20677918.72,23.225
2021-11-28 00:45:01+01:00,202111.log@2595,217212518.4,20761804.8,24.549
2021-11-28 01:45:01+01:00,202111.log@2599,301559971.84,20069744.64,24.148
2021-11-28 02:45:01+01:00,202111.log@2603,277128151.04,20279459.84,24.907
2021-11-28 03:45:01+01:00,202111.log@2607,280923996.16,15172894.72,23.938
2021-11-28 04:45:01+01:00,202111.log@2611,267795824.64,17616076.8,18.775
2021-11-28 05:45:01+01:00,202111.log@2615,267942625.28,15120465.92,19.314
2021-11-28 06:45:01+01:00,202111.log@2619,300647710.72,20594032.64,26.504
2021-11-28 07:45:01+01:00,202111.log@2623,300888883.2,20027801.6,23.928
2021-11-28 08:45:01+01:00,202111.log@2627,273185505.28,20520632.32,26.233
2021-11-28 09:45:01+01:00,202111.log@2631,231483637.76,20510146.56,26.787
2021-11-28 10:45:01+01:00,202111.log@2635,280944967.68,20604518.4,25.413
2021-11-28 11:45:01+01:00,202111.log@2639,278113812.48,20258488.32,25.857
2021-11-28 12:45:01+01:00,202111.log@2643,268466913.28,20562575.36,24.307
2021-11-28 13:45:01+01:00,202111.log@2647,224479150.08,20803747.84,28.625
2021-11-28 14:45:01+01:00,202111.log@2651,264167751.68,20300431.36,24.769
2021-11-28 15:45:01+01:00,202111.log@2655,100862525.44,20426260.48,23.715
2021-11-28 16:45:01+01:00,202111.log@2659,322856550.4,1132462.08,25.129
2021-11-28 17:45:01+01:00,202111.log@2663,367599288.32,1635778.56,25.682
2021-11-28 18:45:01+01:00,202111.log@2667,268110397.44,20101201.92,22.049
2021-11-28 19:45:02+01:00,202111.log@2671,322059632.64,20342374.4,21.729
2021-11-28 20:45:01+01:00,202111.log@2675,269200916.48,20195573.76,20.396
2021-11-28 21:45:01+01:00,202111.log@2679,356117381.12,20310917.12,22.086
2021-11-28 22:45:01+01:00,202111.log@2683,267690967.04,14082375.68,23.202
2021-11-28 23:45:01+01:00,202111.log@2687,275272171.52,12761169.92,18.824
2021-11-29 00:45:01+01:00,202111.log@2691,106304634.88,20594032.64,24.185
2021-11-29 01:45:01+01:00,202111.log@2695,334653030.4,18591252.48,23.655
2021-11-29 02:45:01+01:00,202111.log@2699,341835776.0,20038287.36,23.345
2021-11-29 03:45:01+01:00,202111.log@2703,309696921.6,20415774.72,21.992
2021-11-29 04:45:01+01:00,202111.log@2707,313891225.6,20237516.8,19.453
2021-11-29 05:45:01+01:00,202111.log@2711,288222085.12,20562575.36,18.817
2021-11-29 06:45:01+01:00,202111.log@2715,326191022.08,20415774.72,22.997
2021-11-29 07:45:01+01:00,202111.log@2719,264062894.08,20625489.92,27.044
2021-11-29 08:45:01+01:00,202111.log@2723,120229724.16,20552089.6,25.488
2021-11-29 09:45:01+01:00,202111.log@2727,328791490.56,15047065.6,22.714
2021-11-29 10:45:02+01:00,202111.log@2731,301465600.0,16347299.84,19.455
2021-11-29 11:45:01+01:00,202111.log@2735,272000614.4,15372124.16,19.493
2021-11-29 12:45:01+01:00,202111.log@2739,195381166.08,7004487.68,23.952
2021-11-29 13:45:01+01:00,202111.log@2743,236034457.6,19493027.84,25.684
2021-11-29 14:45:01+01:00,202111.log@2747,308973404.16,18947768.32,25.466
2021-11-29 15:45:01+01:00,202111.log@2751,339507937.28,19807600.64,25.654
2021-11-29 16:45:02+01:00,202111.log@2755,339130449.92,20342374.4,24.101
2021-11-29 17:45:01+01:00,202111.log@2759,76441190.4,20206059.52,25.509
2021-11-29 18:45:01+01:00,202111.log@2763,135423590.4,20761804.8,24.259
2021-11-29 19:45:01+01:00,202111.log@2767,275943260.16,20552089.6,25.31
2021-11-29 20:45:01+01:00,202111.log@2771,302262517.76,20656947.2,26.582
2021-11-29 21:45:02+01:00,202111.log@2775,367798517.76,19849543.68,25.996
2021-11-29 22:45:01+01:00,202111.log@2779,315422146.56,14396948.48,23.24
2021-11-29 23:45:01+01:00,202111.log@2783,141494845.44,20489175.04,22.838
2021-11-30 00:45:01+01:00,202111.log@2787,317687070.72,18486394.88,23.183
2021-11-30 01:45:01+01:00,202111.log@2791,295562117.12,20447232.0,21.208
2021-11-30 02:45:01+01:00,202111.log@2795,319228477.44,20520632.32,22.336
2021-11-30 03:45:01+01:00,202111.log@2799,221176135.68,20174602.24,22.315
2021-11-30 04:45:02+01:00,202111.log@2803,48570040.32,20352860.16,23.092
2021-11-30 05:45:01+01:00,202111.log@2807,311081041.92,20562575.36,22.906
2021-11-30 06:45:01+01:00,202111.log@2811,194647162.88,20698890.24,22.737
2021-11-30 07:45:01+01:00,202111.log@2815,297145466.88,20059258.88,22.358
2021-11-30 08:45:01+01:00,202111.log@2819,280441651.2,20143144.96,23.829
2021-11-30 09:45:01+01:00,202111.log@2823,242609029.12,20688404.48,18.238
2021-11-30 10:45:01+01:00,202111.log@2827,94015324.16,20510146.56,24.112
2021-11-30 11:45:02+01:00,202111.log@2831,100107550.72,20426260.48,24.442
2021-11-30 12:45:01+01:00,202111.log@2835,82365644.8,20310917.12,23.643
2021-11-30 13:45:01+01:00,202111.log@2839,275188285.44,20814233.6,24.669
2021-11-30 14:45:01+01:00,202111.log@2843,90135592.96,20635975.68,24.721
2021-11-30 15:45:01+01:00,202111.log@2847,91488256.0,19818086.4,23.936
2021-11-30 16:45:01+01:00,202111.log@2851,296296120.32,15655239.68,23.054
2021-11-30 17:45:01+01:00,202111.log@2855,268645171.2,14040432.64,18.692
2021-11-30 18:45:01+01:00,202111.log@2859,290895953.92,14868807.68,19.986
2021-11-30 19:45:02+01:00,202111.log@2863,325624791.04,20499660.8,23.436
2021-11-30 20:45:01+01:00,202111.log@2867,30377246.72,20206059.52,22.347
2021-11-30 21:45:01+01:00,202111.log@2871,186101268.48,19849543.68,25.156
2021-11-30 22:45:01+01:00,202111.log@2875,345600163.84,20331888.64,22.991
2021-11-30 23:45:01+01:00,202111.log@2879,276320747.52,13736345.6,22.634
